{"cameraMode":{"drawMode":0,"name":"Shaded","section":"Shading Mode"},"sceneLighting":true,"audioPlay":false,"sceneViewState":{"showFog":true,"showMaterialUpdate":true,"showSkybox":true,"showFlares":true,"showImageEffects":true,"showParticleSystems":true},"in2DMode":false,"pivot":{"x":-3.2157468795776369,"y":-16.381120681762697,"z":13.182283401489258},"rotation":{"x":0.3647276759147644,"y":0.04605666548013687,"z":-0.018073590472340585,"w":0.9298328757286072},"size":19.103538513183595,"orthographic":false}