{"cameraMode":{"drawMode":0,"name":"Shaded","section":"Shading Mode"},"sceneLighting":true,"audioPlay":false,"sceneViewState":{"showFog":true,"showMaterialUpdate":true,"showSkybox":true,"showFlares":true,"showImageEffects":true,"showParticleSystems":true},"in2DMode":false,"pivot":{"x":-9.246339797973633,"y":-27.073406219482423,"z":12.596572875976563},"rotation":{"x":0.49881601333618166,"y":-0.015607364475727082,"z":0.00897694006562233,"w":0.8665543794631958},"size":21.21554183959961,"orthographic":false}