{"cameraMode":{"drawMode":0,"name":"Shaded","section":"Shading Mode"},"sceneLighting":true,"audioPlay":false,"sceneViewState":{"showFog":true,"showMaterialUpdate":true,"showSkybox":true,"showFlares":true,"showImageEffects":true,"showParticleSystems":true},"in2DMode":false,"pivot":{"x":2.041344165802002,"y":-13.575284957885743,"z":8.956414222717286},"rotation":{"x":0.4975678026676178,"y":-0.009116069413721562,"z":0.00522092217579484,"w":0.8673927783966065},"size":27.008983612060548,"orthographic":false}