{"cameraMode":{"drawMode":0,"name":"Shaded","section":"Shading Mode"},"sceneLighting":true,"audioPlay":false,"sceneViewState":{"showFog":true,"showMaterialUpdate":true,"showSkybox":true,"showFlares":true,"showImageEffects":true,"showParticleSystems":true},"in2DMode":false,"pivot":{"x":-6.966933250427246,"y":8.222648620605469,"z":-3.382570266723633},"rotation":{"x":0.4316857159137726,"y":-0.15167291462421418,"z":0.07385919243097305,"w":0.8861475586891174},"size":22.820886611938478,"orthographic":false}