{"cameraMode":{"drawMode":0,"name":"Shaded","section":"Shading Mode"},"sceneLighting":true,"audioPlay":false,"sceneViewState":{"showFog":true,"showMaterialUpdate":true,"showSkybox":true,"showFlares":true,"showImageEffects":true,"showParticleSystems":true},"in2DMode":false,"pivot":{"x":4.10286808013916,"y":0.9617137908935547,"z":8.658332824707032},"rotation":{"x":0.37414416670799258,"y":-0.28097426891326907,"z":0.12005281448364258,"w":0.8756183981895447},"size":16.85887908935547,"orthographic":false}