{"cameraMode":{"drawMode":0,"name":"Shaded","section":"Shading Mode"},"sceneLighting":true,"audioPlay":false,"sceneViewState":{"showFog":true,"showMaterialUpdate":true,"showSkybox":true,"showFlares":true,"showImageEffects":true,"showParticleSystems":true},"in2DMode":false,"pivot":{"x":-1.561867117881775,"y":-42.81037139892578,"z":13.372749328613282},"rotation":{"x":0.5696908831596375,"y":0.01971103809773922,"z":-0.013680164702236653,"w":0.8215447664260864},"size":41.452335357666019,"orthographic":false}