{"cameraMode":{"drawMode":0,"name":"Shaded","section":"Shading Mode"},"sceneLighting":true,"audioPlay":false,"sceneViewState":{"showFog":true,"showMaterialUpdate":true,"showSkybox":true,"showFlares":true,"showImageEffects":true,"showParticleSystems":true},"in2DMode":false,"pivot":{"x":0.23971635103225709,"y":29.305126190185548,"z":-11.986520767211914},"rotation":{"x":0.6316015124320984,"y":-0.0325465202331543,"z":0.026537960395216943,"w":0.7741976976394653},"size":4.802826881408691,"orthographic":false}