{"cameraMode":{"drawMode":0,"name":"Shaded","section":"Shading Mode"},"sceneLighting":true,"audioPlay":false,"sceneViewState":{"showFog":true,"showMaterialUpdate":true,"showSkybox":true,"showFlares":true,"showImageEffects":true,"showParticleSystems":true},"in2DMode":false,"pivot":{"x":0.9805541038513184,"y":-3.1240768432617189,"z":-3.4150123596191408},"rotation":{"x":0.6215222477912903,"y":0.015263968147337437,"z":-0.012125508859753609,"w":0.7831961512565613},"size":27.282657623291017,"orthographic":false}